{"name":"2de38485-13b1-4dc9-8352-d6363e355d7d","id":"/providers/Microsoft.Flow/flows/2de38485-13b1-4dc9-8352-d6363e355d7d","type":"Microsoft.Flow/flows","properties":{"apiId":"/providers/Microsoft.PowerApps/apis/shared_logicflows","displayName":"Get Polls","definition":{"metadata":{"workflowEntityId":null,"creator":{"id":"c0bc22f9-98e1-4e68-ae2e-527abdf8f7ed","type":"User","tenantId":"f516fe29-db68-4d5f-b786-448043613c89"},"provisioningMethod":"FromDefinition","failureAlertSubscription":true,"clientLastModifiedTime":"2019-07-10T11:57:54.470518Z"},"$schema":"https://schema.management.azure.com/providers/Microsoft.Logic/schemas/2016-06-01/workflowdefinition.json#","contentVersion":"1.0.0.0","parameters":{"$connections":{"defaultValue":{},"type":"Object"},"$authentication":{"defaultValue":{},"type":"SecureObject"}},"triggers":{"manual":{"type":"Request","kind":"PowerApp","inputs":{"schema":{"type":"object","required":["Initializevariable_Value"],"properties":{"Initializevariable_Value":{"type":"string","description":"Enter initial value","x-ms-powerflows-param-ispartial":false}}}}}},"actions":{"Response":{"runAfter":{"GetQuestionsFromSurvey":["Succeeded"]},"type":"Response","kind":"Http","inputs":{"statusCode":200,"headers":{"Accept":"application/json","Content-Type":"application/json"},"body":"@body('GetQuestionsFromSurvey')?['d']?['Results']","schema":{"type":"array","items":{"type":"object","properties":{"odata.type":{"type":"string"},"odata.id":{"type":"string"},"odata.editLink":{"type":"string"},"AutoIndexed":{"type":"boolean"},"CanBeDeleted":{"type":"boolean"},"ClientSideComponentId":{"type":"string"},"Description":{"type":"string"},"Direction":{"type":"string"},"EnforceUniqueValues":{"type":"boolean"},"EntityPropertyName":{"type":"string"},"Filterable":{"type":"boolean"},"FromBaseType":{"type":"boolean"},"Group":{"type":"string"},"Hidden":{"type":"boolean"},"Id":{"type":"string"},"Indexed":{"type":"boolean"},"InternalName":{"type":"string"},"JSLink":{"type":"string"},"PinnedToFiltersPane":{"type":"boolean"},"ReadOnlyField":{"type":"boolean"},"Required":{"type":"boolean"},"SchemaXml":{"type":"string"},"Scope":{"type":"string"},"Sealed":{"type":"boolean"},"ShowInFiltersPane":{"type":"integer"},"Sortable":{"type":"boolean"},"StaticName":{"type":"string"},"Title":{"type":"string"},"FieldTypeKind":{"type":"integer"},"TypeAsString":{"type":"string"},"TypeDisplayName":{"type":"string"},"TypeShortDescription":{"type":"string"},"FillInChoice":{"type":"boolean"},"Choices":{"type":"object","properties":{"__metadata":{"type":"object","properties":{"type":{"type":"string"}}},"results":{"type":"array","items":{"type":"string"}}}},"EditFormat":{"type":"integer"},"AllowHyperlink":{"type":"boolean"},"AppendOnly":{"type":"boolean"},"NumberOfLines":{"type":"integer"},"RestrictedMode":{"type":"boolean"},"RichText":{"type":"boolean"},"UnlimitedLengthInDocumentLibrary":{"type":"boolean"},"WikiLinking":{"type":"boolean"}},"required":["Id"]}}}},"GetQuestionsFromSurvey":{"runAfter":{"Initialize_variable":["Succeeded"]},"metadata":{"flowSystemMetadata":{"swaggerOperationId":"HttpRequest"}},"type":"ApiConnection","inputs":{"host":{"connection":{"name":"@json(decodeBase64(triggerOutputs().headers['X-MS-APIM-Tokens']))['$connections']['shared_sharepointonline']['connectionId']"},"api":{"runtimeUrl":"https://europe-002.azure-apim.net/apim/sharepointonline"}},"method":"post","body":{"method":"GET","uri":"_api/web/lists/getbytitle('@{variables('SurveyName')}')/fields?$filter=(CanBeDeleted eq true)","headers":{"Content-Type":"application/json","Accept":"application/json;odata=verbose"}},"path":"/datasets/@{encodeURIComponent(encodeURIComponent('https://purples365.sharepoint.com/sites/Lab/PowerApps'))}/httprequest","authentication":{"type":"Raw","value":"@json(decodeBase64(triggerOutputs().headers['X-MS-APIM-Tokens']))['$ConnectionKey']"}}},"Initialize_variable":{"runAfter":{},"type":"InitializeVariable","inputs":{"variables":[{"name":"SurveyName","type":"String","value":"@triggerBody()['Initializevariable_Value']"}]}}}},"connectionReferences":{"shared_sharepointonline":{"connectionName":"shared-sharepointonl-bc8554f4-1a17-45d6-bf28-23b53362ea29","source":"Invoker","id":"/providers/Microsoft.PowerApps/apis/shared_sharepointonline","tier":"NotSpecified"}},"flowFailureAlertSubscribed":false}}