{"schemaVersion":"1.0","appDefinitionTemplate":{"id":"/providers/Microsoft.PowerApps/apps/","type":"Microsoft.PowerApps/apps","tags":{"primaryDeviceWidth":"640","primaryDeviceHeight":"1136","sienaVersion":"20200708T141448Z-3.20064.22.0","deviceCapabilities":"","supportsPortrait":"true","supportsLandscape":"false","primaryFormFactor":"Phone","publisherVersion":"3.20064.22","minimumRequiredApiVersion":"2.2.0","hasComponent":"false","hasUnlockedComponent":"false","isUnifiedRootApp":"false"},"properties":{"appVersion":"2020-07-08T14:14:48Z","lifeCycleId":"Published","createdByClientVersion":{"major":3,"minor":20064,"build":22,"revision":0,"majorRevision":0,"minorRevision":0},"minClientVersion":{"major":3,"minor":20064,"build":22,"revision":0,"majorRevision":0,"minorRevision":0},"backgroundColor":"rgba(129, 42, 141, 1)","backgroundImageUri":"/12187132653976279557/N83dc80af-679b-4602-a0be-7f5d1fc32b37-logoSmallFile","displayName":"Run","description":"","commitMessage":"","appUris":{"documentUri":{"value":"/12187132653976279557/N5246d4e1-9422-49e4-b793-c9258e918a57-document.msapp","readonlyValue":"/12187132653976279557/N5246d4e1-9422-49e4-b793-c9258e918a57-document.msapp"},"imageUris":[]},"createdTime":"0001-01-01T00:00:00Z","lastModifiedTime":"0001-01-01T00:00:00Z","sharedGroupsCount":0,"sharedUsersCount":0,"icons":{"smallIconUri":"/12187132653976279557/Nfd17abf0-96c0-4816-a85e-7b6aac6d73ad-small.png","mediumIconUri":"/12187132653976279557/Nb1774862-ecfd-4d1f-bc02-b7c292892ad1-medium.png","largeIconUri":"/12187132653976279557/N561732ac-d67b-4c87-be9c-3906376f2a23-large.png","wideIconUri":"/12187132653976279557/N7527311b-d5bb-4120-9b2a-c41751c21047-wide.png"},"connectionReferences":{},"databaseReferences":{},"almMode":"Environment","performanceOptimizationEnabled":true,"canConsumeAppPass":true},"isAppComponentLibrary":false,"appType":"ClassicCanvasApp","appComponents":[]}}