{"schemaVersion":"1.0","appDefinitionTemplate":{"id":"/providers/Microsoft.PowerApps/apps/","type":"Microsoft.PowerApps/apps","tags":{"primaryDeviceWidth":"1366","primaryDeviceHeight":"768","sienaVersion":"20200610T094052Z-3.20054.14.0","deviceCapabilities":"","supportsPortrait":"false","supportsLandscape":"true","primaryFormFactor":"Tablet","publisherVersion":"3.20054.14","minimumRequiredApiVersion":"2.2.0","hasComponent":"true","hasUnlockedComponent":"true","isUnifiedRootApp":"false"},"properties":{"appVersion":"2020-06-10T09:40:52Z","lifeCycleId":"Published","createdByClientVersion":{"major":3,"minor":20054,"build":14,"revision":0,"majorRevision":0,"minorRevision":0},"minClientVersion":{"major":3,"minor":20054,"build":14,"revision":0,"majorRevision":0,"minorRevision":0},"backgroundColor":"rgba(129, 42, 141, 1)","backgroundImageUri":"/4682451114458942999/N4d4afdc6-648f-44bc-9866-bcf2449e6333-logoSmallFile","displayName":"User Voice","description":"","commitMessage":"","appUris":{"documentUri":{"value":"/4682451114458942999/N3cb914de-7d51-4afc-a68c-2470eab132bb-document.msapp","readonlyValue":"/4682451114458942999/N3cb914de-7d51-4afc-a68c-2470eab132bb-document.msapp"},"imageUris":[]},"createdTime":"0001-01-01T00:00:00Z","lastModifiedTime":"0001-01-01T00:00:00Z","sharedGroupsCount":0,"sharedUsersCount":0,"icons":{"smallIconUri":"/4682451114458942999/N5c73a108-c527-4326-9b54-d706c8f636a7-small.png","mediumIconUri":"/4682451114458942999/Nb381b844-5a3d-4dd7-8d11-14b796282c4a-medium.png","largeIconUri":"/4682451114458942999/Neeb87721-d0e2-41f2-a88e-8af365aaa0d6-large.png","wideIconUri":"/4682451114458942999/N8e96d03d-5aa5-41b5-898d-5fb0a739fa78-wide.png"},"connectionReferences":{"80b28130-a8c2-4b62-8d16-9571a8ca523d":{"id":"55d3f112-7f2f-451c-94bf-30c4c9eb46fa","displayName":"SharePoint","iconUri":"https://connectoricons-prod.azureedge.net/sharepointonline/icon_1.0.1355.2023.png","dataSources":["Ideas","Idea Status","Idea Comments","Votes"],"dependencies":[],"dependents":[],"parameterHints":{},"isOnPremiseConnection":false,"bypassConsent":false,"dataSets":{"https://purples365.sharepoint.com/sites/UserVoice":{"dataSources":{"Ideas":{"tableName":"49e10554-546d-4788-8d9f-c0f1964e5706"},"Idea Status":{"tableName":"6f629012-e192-4a11-a606-0a5d6849b466"},"Idea Comments":{"tableName":"fb920a6b-4c56-470f-bf74-bc82a27f6100"},"Votes":{"tableName":"ac05665d-7d79-4183-b396-8b94ccc40018"}}}},"apiTier":"Standard","isCustomApiConnection":false},"470e513a-f70a-46e6-bd84-b0fa4710357c":{"id":"ddb76f44-2792-4d8b-a991-48fceac87bb0","displayName":"Office 365 Users","iconUri":"https://connectoricons-prod.azureedge.net/office365users/icon_1.0.1355.2020.png","dataSources":["Office365Users"],"dependencies":[],"dependents":[],"parameterHints":{},"isOnPremiseConnection":false,"bypassConsent":false,"dataSets":{},"apiTier":"Standard","isCustomApiConnection":false}},"databaseReferences":{},"almMode":"Environment","performanceOptimizationEnabled":true,"canConsumeAppPass":true},"isAppComponentLibrary":false,"appType":"ClassicCanvasApp","appComponents":[]}}