{"schemaVersion":"1.0","appDefinitionTemplate":{"id":"/providers/Microsoft.PowerApps/apps/","type":"Microsoft.PowerApps/apps","tags":{"primaryDeviceWidth":"640","primaryDeviceHeight":"1136","sienaVersion":"20200618T095828Z-3.20061.27.0","deviceCapabilities":"","supportsPortrait":"true","supportsLandscape":"false","primaryFormFactor":"Phone","publisherVersion":"3.20061.27","minimumRequiredApiVersion":"2.2.0","hasComponent":"true","hasUnlockedComponent":"true","isUnifiedRootApp":"false"},"properties":{"appVersion":"2020-06-18T09:58:28Z","lifeCycleId":"Published","createdByClientVersion":{"major":3,"minor":20061,"build":27,"revision":0,"majorRevision":0,"minorRevision":0},"minClientVersion":{"major":3,"minor":20061,"build":27,"revision":0,"majorRevision":0,"minorRevision":0},"backgroundColor":"rgba(129, 42, 141, 1)","backgroundImageUri":"/12073722015341213822/N9ae308c2-c81d-474b-8c60-51284fc1a703-logoSmallFile","displayName":"Double Click","description":"","commitMessage":"","appUris":{"documentUri":{"value":"/12073722015341213822/N6f45aeb4-e694-4221-a548-2ae061a118eb-document.msapp","readonlyValue":"/12073722015341213822/N6f45aeb4-e694-4221-a548-2ae061a118eb-document.msapp"},"imageUris":[]},"createdTime":"0001-01-01T00:00:00Z","lastModifiedTime":"0001-01-01T00:00:00Z","sharedGroupsCount":0,"sharedUsersCount":0,"icons":{"smallIconUri":"/12073722015341213822/N85ed9803-a008-407d-b4ea-0c780aba013c-small.png","mediumIconUri":"/12073722015341213822/Nc9c702e5-f249-45d7-bffd-54ab9c00413c-medium.png","largeIconUri":"/12073722015341213822/Nda146988-f62f-47e3-a40a-9268aa22f32b-large.png","wideIconUri":"/12073722015341213822/N1403d79c-8aa7-47e7-ad6c-cb7176c747ea-wide.png"},"connectionReferences":{},"databaseReferences":{},"almMode":"Environment","performanceOptimizationEnabled":true,"canConsumeAppPass":true},"isAppComponentLibrary":false,"appType":"ClassicCanvasApp","appComponents":[]}}