{"name":"b5a9de1e-792c-4924-82da-f94bde7ea467","id":"/providers/Microsoft.Flow/flows/b5a9de1e-792c-4924-82da-f94bde7ea467","type":"Microsoft.Flow/flows","properties":{"apiId":"/providers/Microsoft.PowerApps/apis/shared_logicflows","displayName":"GetAvailableSurveys","definition":{"metadata":{"workflowEntityId":null,"creator":{"id":"c0bc22f9-98e1-4e68-ae2e-527abdf8f7ed","type":"User","tenantId":"f516fe29-db68-4d5f-b786-448043613c89"},"provisioningMethod":"FromDefinition","failureAlertSubscription":true,"clientLastModifiedTime":"2019-07-10T11:29:42.9649425Z"},"$schema":"https://schema.management.azure.com/providers/Microsoft.Logic/schemas/2016-06-01/workflowdefinition.json#","contentVersion":"1.0.0.0","parameters":{"$connections":{"defaultValue":{},"type":"Object"},"$authentication":{"defaultValue":{},"type":"SecureObject"}},"triggers":{"manual":{"type":"Request","kind":"PowerApp","inputs":{"schema":{"type":"object","required":[],"properties":{}}}}},"actions":{"Send_Surveys_List":{"runAfter":{"GetAvailableSurveys":["Succeeded"]},"type":"Response","kind":"Http","inputs":{"statusCode":200,"headers":{"Content-Type":"application/json","Accept":"application/json"},"body":"@body('GetAvailableSurveys')?['value']","schema":{"type":"array","items":{"type":"object","properties":{"odata.type":{"type":"string"},"odata.id":{"type":"string"},"Id":{"type":"string"},"ListItemEntityTypeFullName":{"type":"string"},"StaticName":{"type":"string"},"Title":{"type":"string"}},"required":["Id"]}}}},"GetAvailableSurveys":{"runAfter":{},"metadata":{"flowSystemMetadata":{"swaggerOperationId":"HttpRequest"}},"type":"ApiConnection","inputs":{"host":{"connection":{"name":"@json(decodeBase64(triggerOutputs().headers['X-MS-APIM-Tokens']))['$connections']['shared_sharepointonline']['connectionId']"},"api":{"runtimeUrl":"https://europe-002.azure-apim.net/apim/sharepointonline"}},"method":"post","body":{"method":"GET","uri":"/_api/web/lists?$filter=BaseTemplate eq 102","headers":{"Content-Type":"application/json","Accept":"application/json"}},"path":"/datasets/@{encodeURIComponent(encodeURIComponent('https://purples365.sharepoint.com/sites/Lab/PowerApps'))}/httprequest","authentication":{"type":"Raw","value":"@json(decodeBase64(triggerOutputs().headers['X-MS-APIM-Tokens']))['$ConnectionKey']"}}}}},"connectionReferences":{"shared_sharepointonline":{"connectionName":"shared-sharepointonl-bc8554f4-1a17-45d6-bf28-23b53362ea29","source":"Invoker","id":"/providers/Microsoft.PowerApps/apis/shared_sharepointonline","tier":"NotSpecified"}},"flowFailureAlertSubscribed":false}}