{"schemaVersion":"1.0","appDefinitionTemplate":{"id":"/providers/Microsoft.PowerApps/apps/","type":"Microsoft.PowerApps/apps","tags":{"primaryDeviceWidth":"640","primaryDeviceHeight":"1136","sienaVersion":"20200612T083243Z-3.20061.23.0","deviceCapabilities":"microphone","supportsPortrait":"true","supportsLandscape":"false","primaryFormFactor":"Phone","publisherVersion":"3.20061.23","minimumRequiredApiVersion":"2.2.0","hasComponent":"false","hasUnlockedComponent":"false","isUnifiedRootApp":"false"},"properties":{"appVersion":"2020-06-12T08:32:43Z","lifeCycleId":"Published","createdByClientVersion":{"major":3,"minor":20061,"build":23,"revision":0,"majorRevision":0,"minorRevision":0},"minClientVersion":{"major":3,"minor":20061,"build":23,"revision":0,"majorRevision":0,"minorRevision":0},"backgroundColor":"rgba(129, 42, 141, 1)","backgroundImageUri":"/29866731931674826/Nd87df478-1e52-4e7a-8cca-20003cdb80fa-logoSmallFile","displayName":"Dictaphone","description":"","commitMessage":"","appUris":{"documentUri":{"value":"/29866731931674826/N4990b740-b725-4070-b0c7-60afcdd665b9-document.msapp","readonlyValue":"/29866731931674826/N4990b740-b725-4070-b0c7-60afcdd665b9-document.msapp"},"imageUris":[]},"createdTime":"0001-01-01T00:00:00Z","lastModifiedTime":"0001-01-01T00:00:00Z","sharedGroupsCount":0,"sharedUsersCount":0,"icons":{"smallIconUri":"/29866731931674826/Ne6986970-7e28-4da7-81db-5c4eeada991b-small.png","mediumIconUri":"/29866731931674826/N56a56834-60de-4ee6-ab83-d15a9afac86a-medium.png","largeIconUri":"/29866731931674826/N5aa91f5d-8278-47a7-93be-428141204597-large.png","wideIconUri":"/29866731931674826/N48592f78-9fe1-4c1b-af65-f7f09f922598-wide.png"},"connectionReferences":{"9704b715-195a-4b54-87e1-1363430fcf7f":{"id":"16513578-b9fd-46f8-90c1-183fa063a993","displayName":"Office 365 Outlook","iconUri":"https://connectoricons-prod.azureedge.net/office365/icon_1.0.1357.2029.png","dataSources":["Office365Outlook"],"dependencies":[],"dependents":[],"parameterHints":{},"isOnPremiseConnection":false,"bypassConsent":false,"dataSets":{},"apiTier":"Standard","isCustomApiConnection":false}},"databaseReferences":{},"almMode":"Environment","performanceOptimizationEnabled":true,"canConsumeAppPass":true},"isAppComponentLibrary":false,"appType":"ClassicCanvasApp","appComponents":[]}}