{"schemaVersion":"1.0","appDefinitionTemplate":{"id":"/providers/Microsoft.PowerApps/apps/","type":"Microsoft.PowerApps/apps","tags":{"minimumRequiredApiVersion":"2.2.0"},"properties":{"appVersion":"2019-07-10T14:11:24Z","lifeCycleId":"Published","createdByClientVersion":{"major":3,"minor":19071,"build":14,"revision":0,"majorRevision":0,"minorRevision":0},"minClientVersion":{"major":3,"minor":19071,"build":14,"revision":0,"majorRevision":0,"minorRevision":0},"backgroundColor":"rgba(0, 176, 240, 1)","backgroundImageUri":"/5791480063257389662/N6ce9571a-f1b4-4c6a-b15f-7ef031a8eef9-logoSmallFile","displayName":"SharePoint Survey Phone App","description":"","appUris":{"documentUri":{"value":"/5791480063257389662/N2f5f41c2-5a6c-4fc4-9c06-3b8b41fa1a07-document.msapp","readonlyValue":"/5791480063257389662/N2f5f41c2-5a6c-4fc4-9c06-3b8b41fa1a07-document.msapp"},"imageUris":[]},"createdTime":"0001-01-01T00:00:00Z","lastModifiedTime":"0001-01-01T00:00:00Z","sharedGroupsCount":0,"sharedUsersCount":0,"icons":{"smallIconUri":"/5791480063257389662/Nc11e9825-e9ae-4338-a91c-532c500fd838-small.png","mediumIconUri":"/5791480063257389662/Ne8fc5690-f233-4a37-b8cf-4354b4d28452-medium.png","largeIconUri":"/5791480063257389662/N1862c6da-0fb0-4fe0-bb93-0a0964b8e7f7-large.png","wideIconUri":"/5791480063257389662/N4ff3bd80-81f4-4e6e-ba7b-d54eca1fd58c-wide.png"},"connectionReferences":{"3b8f6377-cb5d-41c0-b574-07a056e745c2":{"id":"55d3f112-7f2f-451c-94bf-30c4c9eb46fa","displayName":"SharePoint","iconUri":"https://cpgeneralstore.blob.core.windows.net/officialicons/sharepointonline/icon_1.0.1213.1596.png","dataSources":[],"dependencies":[],"dependents":["9309970e-7cf0-4e83-aebb-24073bd1d8ec","9095ec36-4780-4526-a026-b77c361085ae","f25afbb6-35d8-4890-8432-3519e0c668ab","5983e040-18a8-4af2-8a75-c15e9d70ead6"],"parameterHints":{},"isOnPremiseConnection":false,"bypassConsent":false,"dataSets":{},"apiTier":"Standard","isCustomApiConnection":false},"9309970e-7cf0-4e83-aebb-24073bd1d8ec":{"id":"70a44efb-078c-4091-a579-9ecc87b5bb07","displayName":"Logic flows","iconUri":"https://resourcestackdeploy.blob.core.windows.net/scripts/13276078.png","dataSources":["GetPolls"],"dependencies":["3b8f6377-cb5d-41c0-b574-07a056e745c2"],"dependents":[],"parameterHints":{"workflowName":{"value":"be86404b-4fde-4329-9d17-7d4b85be0e59"},"3b8f6377-cb5d-41c0-b574-07a056e745c2":{"value":"shared_sharepointonline"}},"isOnPremiseConnection":false,"bypassConsent":false,"dataSets":{},"apiTier":"Standard","isCustomApiConnection":false},"380a07fa-bd16-4abd-88ad-7239dc5e9a32":{"id":"ddb76f44-2792-4d8b-a991-48fceac87bb0","displayName":"Office 365 Users","iconUri":"https://cpgeneralstore.blob.core.windows.net/officialicons/office365users/icon_1.0.1208.1583.png","dataSources":["Office365Users"],"dependencies":[],"dependents":[],"parameterHints":{},"isOnPremiseConnection":false,"bypassConsent":false,"dataSets":{},"apiTier":"Standard","isCustomApiConnection":false},"9095ec36-4780-4526-a026-b77c361085ae":{"id":"70a44efb-078c-4091-a579-9ecc87b5bb07","displayName":"Logic flows","iconUri":"https://resourcestackdeploy.blob.core.windows.net/scripts/13276078.png","dataSources":["SubmitPoll"],"dependencies":["3b8f6377-cb5d-41c0-b574-07a056e745c2"],"dependents":[],"parameterHints":{"workflowName":{"value":"95772e9e-a80b-412a-bf1c-7c6c8a11e363"},"3b8f6377-cb5d-41c0-b574-07a056e745c2":{"value":"shared_sharepointonline"}},"isOnPremiseConnection":false,"bypassConsent":false,"dataSets":{},"apiTier":"Standard","isCustomApiConnection":false},"f25afbb6-35d8-4890-8432-3519e0c668ab":{"id":"70a44efb-078c-4091-a579-9ecc87b5bb07","displayName":"Logic flows","iconUri":"https://resourcestackdeploy.blob.core.windows.net/scripts/13276078.png","dataSources":["GetAvailableSurveys"],"dependencies":["3b8f6377-cb5d-41c0-b574-07a056e745c2"],"dependents":[],"parameterHints":{"workflowName":{"value":"a689d33d-7163-4b3a-9592-af7f842bbc6e"},"3b8f6377-cb5d-41c0-b574-07a056e745c2":{"value":"shared_sharepointonline"}},"isOnPremiseConnection":false,"bypassConsent":false,"dataSets":{},"apiTier":"Standard","isCustomApiConnection":false},"5983e040-18a8-4af2-8a75-c15e9d70ead6":{"id":"70a44efb-078c-4091-a579-9ecc87b5bb07","displayName":"Logic flows","iconUri":"https://resourcestackdeploy.blob.core.windows.net/scripts/13276078.png","dataSources":["GetSPUserID"],"dependencies":["3b8f6377-cb5d-41c0-b574-07a056e745c2"],"dependents":[],"parameterHints":{"workflowName":{"value":"5ade7ad2-6d0e-431b-b935-ddceb3a590ea"},"3b8f6377-cb5d-41c0-b574-07a056e745c2":{"value":"shared_sharepointonline"}},"isOnPremiseConnection":false,"bypassConsent":false,"dataSets":{},"apiTier":"Standard","isCustomApiConnection":false}},"almMode":"Environment"}}}