{"schemaVersion":"1.0","appDefinitionTemplate":{"id":"/providers/Microsoft.PowerApps/apps/","type":"Microsoft.PowerApps/apps","tags":{"primaryDeviceWidth":"640","primaryDeviceHeight":"1136","sienaVersion":"20200621T175451Z-3.20062.22.0","deviceCapabilities":"webcam","supportsPortrait":"true","supportsLandscape":"false","primaryFormFactor":"Phone","publisherVersion":"3.20062.22","minimumRequiredApiVersion":"2.2.0","hasComponent":"false","hasUnlockedComponent":"false","isUnifiedRootApp":"false"},"properties":{"appVersion":"2020-06-21T17:54:51Z","lifeCycleId":"Published","createdByClientVersion":{"major":3,"minor":20062,"build":22,"revision":0,"majorRevision":0,"minorRevision":0},"minClientVersion":{"major":3,"minor":20062,"build":22,"revision":0,"majorRevision":0,"minorRevision":0},"backgroundColor":"rgba(129, 42, 141, 1)","backgroundImageUri":"/12078913688821937624/N3959fd29-1871-4ff3-b62b-146645b0353f-logoSmallFile","displayName":"Mixed Reality","description":"","commitMessage":"","appUris":{"documentUri":{"value":"/12078913688821937624/N8a61c759-9bce-493a-8b1d-099ec122a88e-document.msapp","readonlyValue":"/12078913688821937624/N8a61c759-9bce-493a-8b1d-099ec122a88e-document.msapp"},"imageUris":[]},"createdTime":"0001-01-01T00:00:00Z","lastModifiedTime":"0001-01-01T00:00:00Z","sharedGroupsCount":0,"sharedUsersCount":0,"icons":{"smallIconUri":"/12078913688821937624/Na43c3b84-c5cc-4e1d-a04d-a6dc78a1b6bf-small.png","mediumIconUri":"/12078913688821937624/N555b15ac-e2f2-47b2-b89c-e73198200fd2-medium.png","largeIconUri":"/12078913688821937624/Ne610b51e-9c60-40e3-bef7-c5e0b0fc48c4-large.png","wideIconUri":"/12078913688821937624/N1f4dfa9e-fa0b-4b56-905b-4e910f9c37ba-wide.png"},"connectionReferences":{"b459b1c3-c07b-4daf-b37b-4cedace153fe":{"id":"16513578-b9fd-46f8-90c1-183fa063a993","displayName":"Office 365 Outlook","iconUri":"https://connectoricons-prod.azureedge.net/office365/icon_1.0.1360.2036.png","dataSources":["Office365Outlook"],"dependencies":[],"dependents":[],"parameterHints":{},"isOnPremiseConnection":false,"bypassConsent":false,"dataSets":{},"apiTier":"Standard","isCustomApiConnection":false}},"databaseReferences":{},"almMode":"Environment","performanceOptimizationEnabled":true,"canConsumeAppPass":true},"isAppComponentLibrary":false,"appType":"ClassicCanvasApp","appComponents":[]}}