{"schemaVersion":"1.0","appDefinitionTemplate":{"id":"/providers/Microsoft.PowerApps/apps/","type":"Microsoft.PowerApps/apps","tags":{"primaryDeviceWidth":"1366","primaryDeviceHeight":"768","sienaVersion":"20200512T131240Z-3.20043.21.0","deviceCapabilities":"","supportsPortrait":"false","supportsLandscape":"true","primaryFormFactor":"Tablet","publisherVersion":"3.20043.21","minimumRequiredApiVersion":"2.2.0","hasComponent":"false","hasUnlockedComponent":"false","isUnifiedRootApp":"false"},"properties":{"appVersion":"2020-05-12T13:12:40Z","lifeCycleId":"Published","createdByClientVersion":{"major":3,"minor":20043,"build":21,"revision":0,"majorRevision":0,"minorRevision":0},"minClientVersion":{"major":3,"minor":20043,"build":21,"revision":0,"majorRevision":0,"minorRevision":0},"backgroundColor":"rgba(0, 176, 240, 1)","backgroundImageUri":"/17037018085773995339/Na108f84a-67fe-4ad3-ab4f-4a68bfd3e11b-logoSmallFile","displayName":"Search SP API","description":"","commitMessage":"","appUris":{"documentUri":{"value":"/17037018085773995339/N73921bf1-b14b-4ff6-8928-c473a3bcc967-document.msapp","readonlyValue":"/17037018085773995339/N73921bf1-b14b-4ff6-8928-c473a3bcc967-document.msapp"},"imageUris":[]},"createdTime":"0001-01-01T00:00:00Z","lastModifiedTime":"0001-01-01T00:00:00Z","sharedGroupsCount":0,"sharedUsersCount":0,"icons":{"smallIconUri":"/17037018085773995339/N6883e423-16c2-44db-991b-84b25dd813f4-small.png","mediumIconUri":"/17037018085773995339/Nd2048f2d-452a-4867-a26a-c2f0f63cefe1-medium.png","largeIconUri":"/17037018085773995339/Ndb88082f-deb1-48a0-b7c8-e9dd78807fad-large.png","wideIconUri":"/17037018085773995339/N3d422d61-dd35-4b5a-b70f-f5f287664f82-wide.png"},"connectionReferences":{"1ab30f22-5375-4656-a31c-5962953d873e":{"id":"70a44efb-078c-4091-a579-9ecc87b5bb07","displayName":"Logic flows","iconUri":"https://resourcestackdeploy.blob.core.windows.net/scripts/13276078.png","dataSources":["SPSerachAPI"],"dependencies":["0b177def-6af0-48ac-bca4-2146b7d6210f"],"dependents":[],"parameterHints":{"workflowName":{"value":"a847413a-afb8-4514-bfe8-ae3f1ef10847"},"0b177def-6af0-48ac-bca4-2146b7d6210f":{"value":"shared_sharepointonline"}},"isOnPremiseConnection":false,"dataSets":{},"apiTier":"Standard","isCustomApiConnection":false},"0b177def-6af0-48ac-bca4-2146b7d6210f":{"id":"55d3f112-7f2f-451c-94bf-30c4c9eb46fa","displayName":"SharePoint","iconUri":"https://connectoricons-prod.azureedge.net/sharepointonline/icon_1.0.1329.1953.png","dataSources":[],"dependencies":[],"dependents":["1ab30f22-5375-4656-a31c-5962953d873e"],"parameterHints":{},"isOnPremiseConnection":false,"dataSets":{},"apiTier":"Standard","isCustomApiConnection":false}},"databaseReferences":{},"almMode":"Environment","performanceOptimizationEnabled":true,"canConsumeAppPass":true},"isAppComponentLibrary":false,"appType":"ClassicCanvasApp","appComponents":[]}}