{"schemaVersion":"1.0","appDefinitionTemplate":{"id":"/providers/Microsoft.PowerApps/apps/","type":"Microsoft.PowerApps/apps","tags":{"minimumRequiredApiVersion":"2.2.0"},"properties":{"appVersion":"2019-06-25T08:02:45Z","lifeCycleId":"Published","createdByClientVersion":{"major":3,"minor":19062,"build":20,"revision":0,"majorRevision":0,"minorRevision":0},"minClientVersion":{"major":3,"minor":19062,"build":20,"revision":0,"majorRevision":0,"minorRevision":0},"backgroundColor":"rgba(0, 176, 240, 1)","backgroundImageUri":"/14853914113534849102/N5bb4bdfa-4b5a-414f-b841-710e9d7e8854-logoSmallFile","displayName":"Business Card Reader","description":"","appUris":{"documentUri":{"value":"/14853914113534849102/N34aeb071-4ee1-429f-9262-1a0ad17950bc-document.msapp","readonlyValue":"/14853914113534849102/N34aeb071-4ee1-429f-9262-1a0ad17950bc-document.msapp"},"imageUris":[]},"createdTime":"0001-01-01T00:00:00Z","lastModifiedTime":"0001-01-01T00:00:00Z","sharedGroupsCount":0,"sharedUsersCount":0,"icons":{"smallIconUri":"/14853914113534849102/N780fc799-428c-4e6d-a367-18ca608b8589-small.png","mediumIconUri":"/14853914113534849102/Naeeeff94-f7ff-4dd0-acb1-e46825c6c762-medium.png","largeIconUri":"/14853914113534849102/Ndd0228fa-958d-4cc6-b8ae-37f4852cbc7d-large.png","wideIconUri":"/14853914113534849102/N08b78983-8231-400d-84da-6149ae9897c2-wide.png"},"connectionReferences":{"990a5d2d-a566-41e4-8c09-476f70c98e1b":{"id":"55d3f112-7f2f-451c-94bf-30c4c9eb46fa","displayName":"SharePoint","iconUri":"https://cpgeneralstore.blob.core.windows.net/officialicons/sharepointonline/icon_1.0.1213.1596.png","dataSources":["Contacts"],"dependencies":[],"dependents":[],"parameterHints":{},"isOnPremiseConnection":false,"bypassConsent":false,"dataSets":{"https://purples365.sharepoint.com/sites/Lab/PowerApps":{"dataSources":{"Contacts":{"tableName":"c2dc7d4b-eacf-4460-9b8e-68d83bcb8b2b"}}}},"apiTier":"Standard","isCustomApiConnection":false}},"almMode":"Environment"}}}