{"name":"0ce47519-a866-41bc-87e0-c12894891647","id":"/providers/Microsoft.Flow/flows/0ce47519-a866-41bc-87e0-c12894891647","type":"Microsoft.Flow/flows","properties":{"apiId":"/providers/Microsoft.PowerApps/apis/shared_logicflows","displayName":"Submit Poll","definition":{"metadata":{"workflowEntityId":null,"creator":{"id":"c0bc22f9-98e1-4e68-ae2e-527abdf8f7ed","type":"User","tenantId":"f516fe29-db68-4d5f-b786-448043613c89"},"provisioningMethod":"FromDefinition","failureAlertSubscription":true,"clientLastModifiedTime":"2019-07-10T12:43:00.1659166Z"},"$schema":"https://schema.management.azure.com/providers/Microsoft.Logic/schemas/2016-06-01/workflowdefinition.json#","contentVersion":"1.0.0.0","parameters":{"$connections":{"defaultValue":{},"type":"Object"},"$authentication":{"defaultValue":{},"type":"SecureObject"}},"triggers":{"manual":{"type":"Request","kind":"PowerApp","inputs":{"schema":{"type":"object","required":["SendanHTTPrequesttoSharePoint_Body","SendanHTTPrequesttoSharePoint_Body_1","SurveyName_Value","EntityTypeName_Value"],"properties":{"SendanHTTPrequesttoSharePoint_Body":{"type":"string","description":"Enter request content in JSON. This parameter is used as part of \"ED5E5400-3772-437D-A54B-E2B57CEBCFD4\"","x-ms-powerflows-param-ispartial":true},"SendanHTTPrequesttoSharePoint_Body_1":{"type":"string"},"SurveyName_Value":{"type":"string","description":"Enter initial value","x-ms-powerflows-param-ispartial":false},"EntityTypeName_Value":{"type":"string","description":"Enter initial value","x-ms-powerflows-param-ispartial":false}}}}}},"actions":{"Submit_Survey":{"runAfter":{"CleanAnswers":["Succeeded"]},"metadata":{"flowSystemMetadata":{"swaggerOperationId":"HttpRequest"}},"type":"ApiConnection","inputs":{"host":{"connection":{"name":"@json(decodeBase64(triggerOutputs().headers['X-MS-APIM-Tokens']))['$connections']['shared_sharepointonline']['connectionId']"},"api":{"runtimeUrl":"https://europe-002.azure-apim.net/apim/sharepointonline"}},"method":"post","body":{"method":"POST","uri":"/_api/web/lists/getbytitle('@{variables('SurveyName')}')/items","headers":{"Content-Type":"application/json;odata=verbose"},"body":"{ '__metadata': { 'type': '@{variables('EntityTypeName')}' },\n'odata.type': '@{variables('EntityTypeName')}',@{variables('SurveyAnswers')}\n}"},"path":"/datasets/@{encodeURIComponent(encodeURIComponent('https://purples365.sharepoint.com/sites/Lab/PowerApps'))}/httprequest","authentication":{"type":"Raw","value":"@json(decodeBase64(triggerOutputs().headers['X-MS-APIM-Tokens']))['$ConnectionKey']"}}},"SurveyName":{"runAfter":{},"type":"InitializeVariable","inputs":{"variables":[{"name":"SurveyName","type":"String","value":"@triggerBody()['SurveyName_Value']"}]}},"EntityTypeName":{"runAfter":{"SurveyName":["Succeeded"]},"type":"InitializeVariable","inputs":{"variables":[{"name":"EntityTypeName","type":"String","value":"@triggerBody()['EntityTypeName_Value']"}]}},"SurveyAnswers":{"runAfter":{"EntityTypeName":["Succeeded"]},"type":"InitializeVariable","inputs":{"variables":[{"name":"SurveyAnswers","type":"String","value":"@triggerBody()['SendanHTTPrequesttoSharePoint_Body']"}]}},"CleanAnswers":{"runAfter":{"Compose":["Succeeded"]},"type":"SetVariable","inputs":{"name":"SurveyAnswers","value":"@{substring(outputs('Compose'),0,sub(length(outputs('Compose')),1))}"}},"Compose":{"runAfter":{"SurveyAnswers":["Succeeded"]},"type":"Compose","inputs":"@variables('SurveyAnswers')"}}},"connectionReferences":{"shared_sharepointonline":{"connectionName":"shared-sharepointonl-bc8554f4-1a17-45d6-bf28-23b53362ea29","source":"Invoker","id":"/providers/Microsoft.PowerApps/apis/shared_sharepointonline","tier":"NotSpecified"}},"flowFailureAlertSubscribed":false}}