{"name":"e85485b4-9bb3-4332-b3de-50dda67c96d2","id":"/providers/Microsoft.Flow/flows/e85485b4-9bb3-4332-b3de-50dda67c96d2","type":"Microsoft.Flow/flows","properties":{"apiId":"/providers/Microsoft.PowerApps/apis/shared_logicflows","displayName":"SP Search API","definition":{"metadata":{"workflowEntityId":null,"creator":{"id":"c0bc22f9-98e1-4e68-ae2e-527abdf8f7ed","type":"User","tenantId":"f516fe29-db68-4d5f-b786-448043613c89"},"provisioningMethod":"FromDefinition","failureAlertSubscription":true,"clientLastModifiedTime":"2020-05-12T13:10:49.2190031Z"},"$schema":"https://schema.management.azure.com/providers/Microsoft.Logic/schemas/2016-06-01/workflowdefinition.json#","contentVersion":"1.0.0.0","parameters":{"$connections":{"defaultValue":{},"type":"Object"},"$authentication":{"defaultValue":{},"type":"SecureObject"}},"triggers":{"manual":{"type":"Request","kind":"PowerApp","inputs":{"schema":{"type":"object","properties":{"searchTerms_Value":{"type":"string","description":"Enter initial value","x-ms-powerflows-param-ispartial":false}},"required":["searchTerms_Value"]}}}},"actions":{"Send_an_HTTP_request_to_SharePoint_Search_API":{"runAfter":{"searchTerms":["Succeeded"]},"metadata":{"flowSystemMetadata":{"swaggerOperationId":"HttpRequest"}},"type":"ApiConnection","inputs":{"host":{"connection":{"name":"@json(decodeBase64(triggerOutputs().headers['X-MS-APIM-Tokens']))['$connections']['shared_sharepointonline']['connectionId']"},"api":{"runtimeUrl":"https://europe-002.azure-apim.net/apim/sharepointonline"}},"method":"post","body":{"method":"GET","uri":"_api/search/query?queryTemplate='@{variables('searchTerms')} IsDocument:true FileExtension<>aspx'&selectProperties='Title,Path,UIVersionStringOWSTEXT,ParentLink,FileExtension'&sortlist='LastModifiedTime:descending'","headers":{"Accept":"application/json","Content-Type":"application/json"}},"path":"/datasets/@{encodeURIComponent(encodeURIComponent('https://purples365.sharepoint.com/sites/Lab'))}/httprequest","authentication":{"type":"Raw","value":"@json(decodeBase64(triggerOutputs().headers['X-MS-APIM-Tokens']))['$ConnectionKey']"}}},"searchTerms":{"runAfter":{},"type":"InitializeVariable","inputs":{"variables":[{"name":"searchTerms","type":"string","value":"@{triggerBody()['searchTerms_Value']}"}]}},"Parse_JSON":{"runAfter":{"Send_an_HTTP_request_to_SharePoint_Search_API":["Succeeded"]},"type":"ParseJson","inputs":{"content":"@body('Send_an_HTTP_request_to_SharePoint_Search_API')","schema":{"type":"object","properties":{"odata.metadata":{"type":"string"},"ElapsedTime":{"type":"integer"},"PrimaryQueryResult":{"type":"object","properties":{"CustomResults":{"type":"array"},"QueryId":{"type":"string"},"QueryRuleId":{"type":"string"},"RefinementResults":{},"RelevantResults":{"type":"object","properties":{"GroupTemplateId":{},"ItemTemplateId":{},"ResultTitle":{},"ResultTitleUrl":{},"RowCount":{"type":"integer"},"Table":{"type":"object","properties":{"Rows":{"type":"array","items":{"type":"object","properties":{"Cells":{"type":"array","items":{"type":"object","properties":{"Key":{"type":["string","null"]},"Value":{"type":["string","null"]},"ValueType":{"type":["string","null"]}},"required":["Key","Value","ValueType"]}}},"required":["Cells"]}}}},"TotalRows":{"type":"integer"},"TotalRowsIncludingDuplicates":{"type":"integer"}}},"SpecialTermResults":{}}}}}}},"Select":{"runAfter":{"Parse_JSON":["Succeeded"]},"type":"Select","inputs":{"from":"@body('Parse_JSON')?['PrimaryQueryResult']?['RelevantResults']?['Table']?['Rows']","select":{"Title":"@item()?['Cells'][2]['Value']","Path":"@item()?['Cells'][3]['Value']","UIVersionStringOWSTEXT":"@item()?['Cells'][4]['Value']","ParentLink":"@item()?['Cells'][5]['Value']","FileExtension":"@item()?['Cells'][6]['Value']"}}},"Response":{"runAfter":{"Select":["Succeeded"]},"type":"Response","kind":"Http","inputs":{"statusCode":200,"body":"@body('Select')","schema":{"type":"array","items":{"type":"object","properties":{"Title":{"type":"string"},"Path":{"type":"string"},"UIVersionStringOWSTEXT":{"type":"string"},"ParentLink":{"type":"string"},"FileExtension":{"type":"string"},"LinkingUrl":{"type":"string"}},"required":["Title","Path","UIVersionStringOWSTEXT"]}}}}}},"connectionReferences":{"shared_sharepointonline":{"connectionName":"shared-sharepointonl-bc8554f4-1a17-45d6-bf28-23b53362ea29","source":"Invoker","id":"/providers/Microsoft.PowerApps/apis/shared_sharepointonline","tier":"NotSpecified"}},"flowFailureAlertSubscribed":false}}