{"name":"17c69ab7-3016-4653-86ee-8e422af16365","id":"/providers/Microsoft.Flow/flows/17c69ab7-3016-4653-86ee-8e422af16365","type":"Microsoft.Flow/flows","properties":{"apiId":"/providers/Microsoft.PowerApps/apis/shared_logicflows","displayName":"GetSPUserID","definition":{"metadata":{"workflowEntityId":null,"creator":{"id":"c0bc22f9-98e1-4e68-ae2e-527abdf8f7ed","type":"User","tenantId":"f516fe29-db68-4d5f-b786-448043613c89"},"provisioningMethod":"FromDefinition","failureAlertSubscription":true,"clientLastModifiedTime":"2019-07-10T08:38:07.8756795Z"},"$schema":"https://schema.management.azure.com/providers/Microsoft.Logic/schemas/2016-06-01/workflowdefinition.json#","contentVersion":"1.0.0.0","parameters":{"$connections":{"defaultValue":{},"type":"Object"},"$authentication":{"defaultValue":{},"type":"SecureObject"}},"triggers":{"manual":{"type":"Request","kind":"PowerApp","inputs":{"schema":{"type":"object","required":["UserEmail_Value"],"properties":{"UserEmail_Value":{"type":"string","description":"Enter initial value","x-ms-powerflows-param-ispartial":false}}}}}},"actions":{"Send_an_HTTP_request_to_SharePoint":{"runAfter":{"UserEmail":["Succeeded"]},"metadata":{"flowSystemMetadata":{"swaggerOperationId":"HttpRequest"}},"type":"ApiConnection","inputs":{"host":{"connection":{"name":"@json(decodeBase64(triggerOutputs().headers['X-MS-APIM-Tokens']))['$connections']['shared_sharepointonline']['connectionId']"},"api":{"runtimeUrl":"https://europe-002.azure-apim.net/apim/sharepointonline"}},"method":"post","body":{"method":"GET","uri":"/_api/web/siteusers?$filter=Email eq '@{variables('userEmail')}'","headers":{"Content-Type":"application/json","Accept":"application/json"}},"path":"/datasets/@{encodeURIComponent(encodeURIComponent('https://purples365.sharepoint.com/sites/Lab/unaids'))}/httprequest","authentication":{"type":"Raw","value":"@json(decodeBase64(triggerOutputs().headers['X-MS-APIM-Tokens']))['$ConnectionKey']"}}},"UserEmail":{"runAfter":{},"type":"InitializeVariable","inputs":{"variables":[{"name":"userEmail","type":"String","value":"@triggerBody()['UserEmail_Value']"}]}},"UserProfilJson":{"runAfter":{"Send_an_HTTP_request_to_SharePoint":["Succeeded"]},"type":"ParseJson","inputs":{"content":"@body('Send_an_HTTP_request_to_SharePoint')","schema":{"type":"object","properties":{"odata.metadata":{"type":"string"},"value":{"type":"array","items":{"type":"object","properties":{"odata.type":{"type":"string"},"odata.id":{"type":"string"},"odata.editLink":{"type":"string"},"Id":{"type":"integer"},"IsHiddenInUI":{"type":"boolean"},"LoginName":{"type":"string"},"Title":{"type":"string"},"PrincipalType":{"type":"integer"},"Email":{"type":"string"},"Expiration":{"type":"string"},"IsEmailAuthenticationGuestUser":{"type":"boolean"},"IsShareByEmailGuestUser":{"type":"boolean"},"IsSiteAdmin":{"type":"boolean"},"UserId":{"type":"object","properties":{"NameId":{"type":"string"},"NameIdIssuer":{"type":"string"}}},"UserPrincipalName":{"type":"string"}},"required":["odata.type","odata.id","odata.editLink","Id","IsHiddenInUI","LoginName","Title","PrincipalType","Email","Expiration","IsEmailAuthenticationGuestUser","IsShareByEmailGuestUser","IsSiteAdmin","UserId","UserPrincipalName"]}}}}}},"Respond_to_PowerApps":{"runAfter":{"UserProfilJson":["Succeeded"]},"type":"Response","kind":"PowerApp","inputs":{"statusCode":200,"body":{"spuserid":"@{body('UserProfilJson')?['value'][0]['Id']}"},"schema":{"type":"object","properties":{"spuserid":{"title":"SPUserID","type":"string","x-ms-dynamically-added":true}}}}}}},"connectionReferences":{"shared_sharepointonline":{"connectionName":"shared-sharepointonl-bc8554f4-1a17-45d6-bf28-23b53362ea29","source":"Invoker","id":"/providers/Microsoft.PowerApps/apis/shared_sharepointonline","tier":"NotSpecified"}},"flowFailureAlertSubscribed":false}}